Shipment ID	FBA15W2K0SG1
Name	FBA (12/17/20, 4:30 AM) - 2
Plan ID	PLN39QQRVV
Ship To	SMF3, 3923 S B ST, Stockton, CA, US, 95206-8202
Total SKUs	14
Total Units	274
shipment-total-cases	19
Pack list	1 of 1

Merchant SKU	Title	ASIN	FNSKU	external-id	Condition	Who will prep?	Prep Type	Who will label?	Units per Case	Number of Cases	Shipped
B002-5	Chardin Home - 100% Pure Cotton - 2 Piece Cordural Stripe Bath Rug Set, (24''x40'' & 21''x34'') Blues with Latex Spray Non-Skid Backing	B01LWQH0JV	B01LWQH0JV	EAN : 8902552048122	New	"--"	"--"	"--"	6	1	6
B003-1	Chardin Home - 100% Pure Cotton - 2 Piece Cordural Stripe Bath Rug Set, (21''x34''& 17''x24'') Brown-Beige with Latex Spray Non-Skid Backing	B01CA3UUCC	B01CA3UUCC	EAN : 8902552045947	New	"--"	"--"	"--"	12	2	24
B003-2	Chardin Home - 100% Pure Cotton - 2 Piece Cordural Stripe Bath Rug Set, (21''x34'' & 17''x24'') Gray-Beige with Latex Spray Non-Skid Backing, Machine Washable	B01CA4383E	B01CA4383E	EAN : 8902552046890	New	"--"	"--"	"--"	12	3	36
B003-5	Chardin Home - 100% Pure Cotton - 2 Piece Cordural Stripe Bath Rug Set, (21''x34'' & 17''x24'') Blues with Latex Spray Non-Skid Backing	B01M0BCBG4	B01M0BCBG4	EAN : 8902552048115	New	"--"	"--"	"--"	12	1	12
B031-2	Chardin home 2 Piece 100% Cotton Classic Bath Rug Set With Anti Skid Spray, 17'' W x 24'' L, Latex Back/Burgundy	B077J3ZLMT	B077J3ZLMT	EAN : 8902552050415	New	"--"	"--"	"--"	20	1	20
B031-3	Chardin home 100% Cotton two Piece Classic Bath Rug Set, (17''x24''& 17''x24'') with anti-skid spray latex back, White	B077J2CDRC	B077J2CDRC	EAN : 8902552050422	New	"--"	"--"	"--"	20	1	20
B036-1	Chardin Home - 100% Pure Cotton - Crochet Round Bath Rug, 24'' Round Mat, Coral, with Latex Spray Non-Skid Backing.	B07VDS1JSP	B07VDS1JSP	EAN : 8902552051535	New	"--"	"--"	"--"	20	2	40
B040-2	Chardin home Highland Stripe Bathroom Rug with Latex Spray Non-Skid Backing 20''x48'', Griffin Gray	B07X56CSG9	B07X56CSG9	EAN : 8902552051702	New	"--"	"--"	"--"	12	1	12
B040-4	Chardin home Highland Stripe Bathroom Rug with Latex Spray Non-Skid Backing, 20''x48'', Beige	B07X61LH58	B07X61LH58	EAN : 8902552051726	New	"--"	"--"	"--"	12	1	12
B046-1	Chardin Home - 100% Pure Cotton - 2 Piece Manhattan Stripe Bathroom Rug Set, (21''x34'' & 17''x24'') Aqua Blue-White (Pantone 14-4809 Tpx) with Latex Spray Non-Skid Backing.	B07YYCS95D	B07YYCS95D	EAN : 8902552051962	New	"--"	"--"	"--"	12	1	12
R002-1	Chardin home 100% cotton Diamond Rug Fully reversible - Mat size 21''x34'', Machine washable, Black & White	B01H27JW2U	B01H27JW2U	EAN : 8902552045992	New	"--"	"--"	"--"	20	1	20
R002-3	Chardin home 100% cotton Diamond Rug Fully reversible - Mat size 21''x34'', Machine washable, Brown & White	B01NCNWE4D	B01NCNWE4D	EAN : 8902552049129	New	"--"	"--"	"--"	20	1	20
R002-5	Chardin home 100% cotton Diamond Rug Fully reversible - Mat size 21''x34'', Machine washable, Navy/Ivory	B071ZZCJKH	B071ZZCJKH	EAN : 8902552048856	New	"--"	"--"	"--"	20	1	20
R002-8	Chardin home 100% Cotton Diamond Runner Rug Fully Reversible, 2'x5', Machine Washable, Gray-Beige	B074WHMGLH	B074WHMGLH	EAN : 8902552050033	New	"--"	"--"	"--"	10	2	20
