Shipment ID	FBA15W2JZRKN
Name	FBA (12/17/20, 4:30 AM) - 1
Plan ID	PLN39QQRVV
Ship To	Amazon.com Services, Inc., 6050 Gateway Court, Groveport, OH, US, 43125-9016
Total SKUs	1
Total Units	3
shipment-total-cases	1
Pack list	1 of 1

Merchant SKU	Title	ASIN	FNSKU	external-id	Condition	Who will prep?	Prep Type	Who will label?	Units per Case	Number of Cases	Shipped
R031-1	Chardin Home Eco Friendly 100% Recycled Leather Area Rug, Tan Brown - 5'X7'.	B07Z23SKN3	B07Z23SKN3	EAN : 8902552052136	New	"--"	"--"	"--"	3	1	3
